match_start,league,match_number,match,results,season,home_team,away_team,home_goals,away_goals,date,link,title,spectators
2016-01-25T12:30:00Z,Testspiele,1,SC Austria Lustenau – FC Zürich,0:2 (0:1),2016-17,SC Austria Lustenau,FC Zürich,0,2,2016-01-25,https://www.fcz.ch/de/profis/news/2016/466-20-heimsieg-im-kantonsderby-gegen-den-fc-winte/,2:0-Heimsieg im Kantonsderby gegen den FC Winterthur,13704
2016-01-02T16:00:00Z,Testspiele,2,CASHPOINT SCR Altach – FC Zürich,2:0 (2:0),2016-17,CASHPOINT SCR Altach,FC Zürich,2,0,2016-01-02,https://www.fcz.ch/de/profis/news/2016/483-der-fcz-gewinnt-gegen-wohlen-mit-50/,Der FCZ gewinnt gegen Wohlen mit 5:0,3120
2016-01-06T18:30:00Z,Testspiele,3,FC Schaffhausen – FC Zürich,1:0 (1:0),2016-17,FC Schaffhausen,FC Zürich,1,0,2016-01-06,https://www.fcz.ch/de/profis/news/2016/461-01-niederlage-gegen-den-fc-schaffhausen/,0:1-Niederlage gegen den FC Schaffhausen,300
2016-01-08T19:00:00Z,Testspiele,4,FC Zürich – SSV Jahn Regensburg,1:2 (0:0),2016-17,FC Zürich,SSV Jahn Regensburg,1,2,2016-01-08,https://www.fcz.ch/de/profis/news/2016/der-fcz-verliert-gegen-osmanlispor-02/,Der FCZ verliert gegen Osmanlispor mit 0:2,2020
2016-01-09T14:00:00Z,Testspiele,5,FC Zürich – VfB Stuttgart II,3:1 (2:0),2016-17,FC Zürich,VfB Stuttgart II,3,1,2016-01-09,https://www.fcz.ch/de/profis/news/2016/463-schoch-cup-31-sieg-gegen-den-vfb-stuttgart-ii/,Schoch-Cup: 3:1-Sieg gegen den VfB Stuttgart II,200
2016-01-15T20:00:00Z,Testspiele,6,Borussia Mönchengladbach – FC Zürich,1:2 (0:0),2016-17,Borussia Mönchengladbach,FC Zürich,1,2,2016-01-15,https://www.fcz.ch/de/profis/news/2016/der-fc-zurich-spielt-unentschieden-gegen-fc-le-mon/,Der FC Zürich spielt 1:1-Unentschieden gegen den FC Le Mont,8489
2016-01-17T16:00:00Z,Testspiele,7,Galatasaray Istanbul – FC Zürich,3:0 (1:0),2016-17,Galatasaray Istanbul,FC Zürich,3,0,2016-01-17,https://www.fcz.ch/de/profis/news/2016/465-uhrencup-03-niederlage-gegen-galatasaray-istan/,Uhrencup: 0:3-Niederlage gegen Galatasaray Istanbul,5053
2016-01-25T19:45:00Z,Meisterschaft,1,FC Zürich – FC Winterthur,2:0 (1:0),2016-17,FC Zürich,FC Winterthur,2,0,2016-01-25,https://www.fcz.ch/de/profis/news/2016/466-20-heimsieg-im-kantonsderby-gegen-den-fc-winte/,2:0-Heimsieg im Kantonsderby gegen den FC Winterthur,13704
2016-01-30T17:45:00Z,Meisterschaft,2,FC Wil 1900 – FC Zürich,1:1 (0:1),2016-17,FC Wil 1900,FC Zürich,1,1,2016-01-30,https://www.fcz.ch/de/profis/news/2016/der-fc-zurich-gewinnt-gegen-neuchatel-xamax-mit-31/,Der FC Zürich gewinnt gegen Neuchâtel Xamax mit 3:1,6349
2016-08-06T19:00:00Z,Meisterschaft,3,FC Zürich – FC Wohlen,4:0 (3:0),2016-17,FC Zürich,FC Wohlen,4,0,2016-08-06,https://www.fcz.ch/de/profis/news/2016/468-der-fcz-gewinnt-gegen-den-fc-wohlen-40/,Der FCZ gewinnt gegen den FC Wohlen 4:0,10187
2016-08-10T19:45:00Z,Meisterschaft,4,FC Le Mont LS – FC Zürich,0:2 (0:1),2016-17,FC Le Mont LS,FC Zürich,0,2,2016-08-10,https://www.fcz.ch/de/profis/news/2016/470-der-fcz-gewinnt-gegen-den-fc-le-mont-ls-mit-20/,Der FCZ gewinnt gegen den FC Le Mont LS mit 2:0,1300
2016-08-13T20:00:00Z,Schweizer Cup,1,FC La Chaux-de-Fonds – FC Zürich,0:2 (0:2),2016-17,FC La Chaux-de-Fonds,FC Zürich,0,2,2016-08-13,https://www.fcz.ch/de/profis/news/2016/471-ungefahrdeter-20-sieg-in-la-chaux-de-fonds-zum/,Ungefährdeter 2:0-Sieg in La Chaux-de-Fonds zum Cup-Auftakt,1600
2016-08-22T19:45:00Z,Meisterschaft,5,FC Zürich – Neuchâtel Xamax FCS,1:0 (0:0),2016-17,FC Zürich,Neuchâtel Xamax FCS,1,0,2016-08-22,https://www.fcz.ch/de/profis/news/2016/472-der-fcz-besiegt-neuchatel-xamax-10/,Der FCZ besiegt Neuchâtel Xamax 1:0,9685
2016-08-27T19:00:00Z,Meisterschaft,6,FC Schaffhausen – FC Zürich,1:3 (0:1),2016-17,FC Schaffhausen,FC Zürich,1,3,2016-08-27,https://www.fcz.ch/de/profis/news/2016/476-der-fcz-gewinnt-in-schaffhausen-mit-13/,Der FCZ gewinnt in Schaffhausen mit 3:1,3964
2016-08-31T19:00:00Z,Testspiele,8,FC Zürich – FC Rapperswil-Jona,7:3 (4:1),2016-17,FC Zürich,FC Rapperswil-Jona,7,3,2016-08-31,,,
2016-09-11T15:00:00Z,Meisterschaft,7,FC Zürich – FC Chiasso,1:0 (0:0),2016-17,FC Zürich,FC Chiasso,1,0,2016-09-11,https://www.fcz.ch/de/profis/news/2016/477-der-fcz-besiegt-den-fc-chiasso-10/,Der FCZ besiegt den FC Chiasso 1:0,9411
2016-09-15T21:05:00Z,International,1,Villarreal CF – FC Zürich,2:1 (2:1),2016-17,Villarreal CF,FC Zürich,2,1,2016-09-15,,,
2016-09-18T16:00:00Z,Schweizer Cup,2,AC Bellinzona – FC Zürich,0:2 (0:1),2016-17,AC Bellinzona,FC Zürich,0,2,2016-09-18,https://www.fcz.ch/de/profis/news/2016/479-der-fcz-gewinnt-das-cupspiel-gegen-bellinzona-/,Der FCZ gewinnt das Cupspiel gegen Bellinzona mit 2:0,3069
2016-09-22T19:45:00Z,Meisterschaft,8,FC Zürich – Servette FC,3:0 (2:0),2016-17,FC Zürich,Servette FC,3,0,2016-09-22,https://www.fcz.ch/de/profis/news/2016/480-der-fcz-besiegt-den-servette-fc-mit-30/,Der FCZ besiegt den Servette FC mit 3:0,8181
2016-09-25T15:00:00Z,Meisterschaft,9,FC Aarau – FC Zürich,1:1 (1:0),2016-17,FC Aarau,FC Zürich,1,1,2016-09-25,https://www.fcz.ch/de/profis/news/2016/481-der-fc-aarau-und-der-fc-zurich-trennen-sich-11/,Der FC Aarau und der FC Zürich trennen sich 1:1,7800
2016-09-29T19:00:00Z,International,2,FC Zürich – Osmanlispor FK,2:1 (1:0),2016-17,FC Zürich,Osmanlispor FK,2,1,2016-09-29,https://www.fcz.ch/de/profis/news/2016/482-der-fc-zurich-gewinnt-gegen-osmanlispor-fk-mit/,Der FC Zürich gewinnt gegen Osmanlispor FK mit 2:1,7473
2016-01-02T15:00:00Z,Meisterschaft,10,FC Wohlen – FC Zürich,0:5 (0:3),2016-17,FC Wohlen,FC Zürich,0,5,2016-01-02,https://www.fcz.ch/de/profis/news/2016/483-der-fcz-gewinnt-gegen-wohlen-mit-50/,Der FCZ gewinnt gegen Wohlen mit 5:0,3120
2016-01-07T17:30:00Z,Testspiele,9,FC Zürich – FC Wacker Innsbruck,2:0 (2:0),2016-17,FC Zürich,FC Wacker Innsbruck,2,0,2016-01-07,https://www.fcz.ch/de/profis/news/2016/der-fcz-gewinnt-das-testspiel-gegen-wacker-innsbru/,Der FCZ gewinnt das Testspiel gegen Wacker Innsbruck mit 2:0,200
2016-01-15T19:00:00Z,Meisterschaft,11,FC Zürich – FC Le Mont LS,1:1 (0:1),2016-17,FC Zürich,FC Le Mont LS,1,1,2016-01-15,https://www.fcz.ch/de/profis/news/2016/der-fc-zurich-spielt-unentschieden-gegen-fc-le-mon/,Der FC Zürich spielt 1:1-Unentschieden gegen den FC Le Mont,8489
2016-01-20T19:00:00Z,International,3,FC Steaua Bukarest – FC Zürich,1:1 (0:0),2016-17,FC Steaua Bukarest,FC Zürich,1,1,2016-01-20,https://www.fcz.ch/de/profis/news/2016/der-fcz-spielt-11-unentschieden-gegen-den-fc-steau/,Der FCZ spielt 1:1-Unentschieden gegen den FC Steaua Bukarest,900
2016-01-23T15:00:00Z,Meisterschaft,12,FC Zürich – FC Schaffhausen,5:2 (4:2),2016-17,FC Zürich,FC Schaffhausen,5,2,2016-01-23,https://www.fcz.ch/de/profis/news/2016/fcz-schlagt-schaffhausen-52/,FCZ schlägt Schaffhausen 5:2,9704
2016-01-27T20:15:00Z,Schweizer Cup,3,FC Zürich – FC St.Gallen 1879,2:1 (1:0),2016-17,FC Zürich,FC St.Gallen 1879,2,1,2016-01-27,https://www.fcz.ch/de/profis/news/2016/der-fcz-gewinnt-den-cup-achtelfinale-gegen-st-gall/,Der FCZ gewinnt das Cup-Achtelfinale gegen St.Gallen mit 2:1,7629
2016-01-30T15:00:00Z,Meisterschaft,13,Neuchâtel Xamax FCS – FC Zürich,1:3 (0:1),2016-17,Neuchâtel Xamax FCS,FC Zürich,1,3,2016-01-30,https://www.fcz.ch/de/profis/news/2016/der-fc-zurich-gewinnt-gegen-neuchatel-xamax-mit-31/,Der FC Zürich gewinnt gegen Neuchâtel Xamax mit 3:1,6349
2016-11-03T21:05:00Z,International,4,FC Zürich – FC Steaua Bukarest,0:0 (0:0),2016-17,FC Zürich,FC Steaua Bukarest,0,0,2016-11-03,https://www.fcz.ch/de/profis/news/2016/fcz-und-steaua-trennen-sich-torlos/,FCZ und Steaua trennen sich torlos Remis,8060
2016-11-06T15:00:00Z,Meisterschaft,14,FC Zürich – FC Aarau,6:3 (2:2),2016-17,FC Zürich,FC Aarau,6,3,2016-11-06,https://www.fcz.ch/de/profis/news/2016/63-heimsieg-des-fcz-gegen-aarau/,6:3-Heimsieg des FCZ gegen Aarau,9089
2016-11-10T18:30:00Z,Testspiele,10,FC Vaduz – FC Zürich,0:2 (0:0),2016-17,FC Vaduz,FC Zürich,0,2,2016-11-10,,,
2016-11-20T15:00:00Z,Meisterschaft,15,Servette FC – FC Zürich,0:4 (0:1),2016-17,Servette FC,FC Zürich,0,4,2016-11-20,https://www.fcz.ch/de/profis/news/2016/der-fcz-gewinnt-genf-gegen-servette-mit-40/,Der FCZ gewinnt in Genf gegen Servette mit 4:0,6102
2016-11-24T19:00:00Z,International,5,FC Zürich – Villarreal CF,1:1 (0:1),2016-17,FC Zürich,Villarreal CF,1,1,2016-11-24,https://www.fcz.ch/de/profis/news/2016/der-fcz-spielt-gegen-villarreal-11/,Der FCZ spielt gegen Villarreal 1:1-Unentschieden,10069
2016-11-28T19:45:00Z,Meisterschaft,16,FC Chiasso – FC Zürich,0:2 (0:0),2016-17,FC Chiasso,FC Zürich,0,2,2016-11-28,https://www.fcz.ch/de/profis/news/2016/der-fcz-gewinnt-im-tessin-gegen-chiasso-mit-20/,Der FCZ gewinnt im Tessin gegen Chiasso mit 2:0,800
2016-01-03T19:00:00Z,Meisterschaft,17,FC Zürich – FC Wil 1900,2:0 (0:0),2016-17,FC Zürich,FC Wil 1900,2,0,2016-01-03,https://www.fcz.ch/de/profis/news/2016/der-fcz-gewinnt-gegen-wil-20/,Der FCZ gewinnt gegen Wil 2:0,8296
2016-01-08T17:00:00Z,International,6,Osmanlispor FK – FC Zürich,2:0 (0:0),2016-17,Osmanlispor FK,FC Zürich,2,0,2016-01-08,https://www.fcz.ch/de/profis/news/2016/der-fcz-verliert-gegen-osmanlispor-02/,Der FCZ verliert gegen Osmanlispor mit 0:2,2020
2016-01-12T19:45:00Z,Meisterschaft,18,FC Winterthur – FC Zürich,0:2 (0:0),2016-17,FC Winterthur,FC Zürich,0,2,2016-01-12,https://www.fcz.ch/de/profis/news/2016/der-fcz-gewinnt-gegen-winterthur-mit-20/,Der FCZ gewinnt gegen Winterthur mit 2:0,9400
2017-01-14T14:00:00Z,Testspiele,11,FC Schaffhausen – FC Zürich,1:3 (0:2),2016-17,FC Schaffhausen,FC Zürich,1,3,2017-01-14,https://www.fcz.ch/de/profis/news/2017/31-testspielsieg-gegen-schaffhausen/,3:1-Sieg im kurzfristig vereinbarten Test gegen Schaffhausen,2020
2017-01-17T16:00:00Z,Testspiele,12,SG Dynamo Dresden – FC Zürich,3:1 (3:0),2016-17,SG Dynamo Dresden,FC Zürich,3,1,2017-01-17,https://www.fcz.ch/de/profis/news/2017/der-fcz-verliert-gegen-den-fc-lausanne-sport-mit-5/,Der FCZ verliert gegen den FC Lausanne-Sport mit 1:5,3627
2017-01-21T13:30:00Z,Testspiele,13,FC St. Pauli – FC Zürich,0:2 (0:1),2016-17,FC St. Pauli,FC Zürich,0,2,2017-01-21,https://www.fcz.ch/de/profis/news/2017/der-fcz-verliert-das-zurcher-derby-04/,Der FCZ verliert das Zürcher Derby 0:4,17783
2017-01-24T16:00:00Z,Testspiele,14,FC Dinamo Bukarest – FC Zürich,0:1 (0:1),2016-17,FC Dinamo Bukarest,FC Zürich,0,1,2017-01-24,https://www.fcz.ch/de/profis/news/2017/der-fcz-gewinnt-gegen-stade-lausanne-ouchy-mit-41/,Der FCZ gewinnt gegen Stade Lausanne-Ouchy mit 4:1,1200
2017-01-29T14:00:00Z,Testspiele,15,FC St.Gallen 1879 – FC Zürich,2:3 (2:3),2016-17,FC St.Gallen 1879,FC Zürich,2,3,2017-01-29,https://www.fcz.ch/de/profis/news/2017/spielbericht-sg/,Der FCZ bezwingt St.Gallen im Testspiel mit 3:2,2020
2017-02-01T17:30:00Z,Testspiele,16,FC Rapperswil-Jona – FC Zürich,1:3 (1:2),2016-17,FC Rapperswil-Jona,FC Zürich,1,3,2017-02-01,https://www.fcz.ch/de/profis/news/2017/fcz-schlagt-rapperswil-jona-mit-31/,FCZ schlägt Rapperswil-Jona mit 3:1,300
2017-02-06T19:45:00Z,Meisterschaft,19,Servette FC – FC Zürich,2:1 (0:0),2016-17,Servette FC,FC Zürich,2,1,2017-02-06,https://www.fcz.ch/de/profis/news/2017/der-fcz-verliert/,Der FCZ verliert 1:2 in Genf,2637
2017-02-13T19:45:00Z,Meisterschaft,20,FC Zürich – Neuchâtel Xamax FCS,1:1 (1:0),2016-17,FC Zürich,Neuchâtel Xamax FCS,1,1,2017-02-13,https://www.fcz.ch/de/profis/news/2017/der-fcz-und-xamax-trennen-sich-11/,Unentschieden im Spitzenkampf,8750
2017-02-18T17:45:00Z,Meisterschaft,21,FC Wil 1900 – FC Zürich,0:4 (0:1),2016-17,FC Wil 1900,FC Zürich,0,4,2017-02-18,https://www.fcz.ch/de/profis/news/2017/der-fcz-gewinnt-gegen-wil-mit-40/,Der FCZ gewinnt gegen Wil mit 4:0,3020
2017-02-26T15:00:00Z,Meisterschaft,22,FC Wohlen – FC Zürich,1:4 (0:1),2016-17,FC Wohlen,FC Zürich,1,4,2017-02-26,https://www.fcz.ch/de/profis/news/2017/der-fcz-gewinnt-wohlen-mit-41/,Der FCZ gewinnt in Wohlen mit 4:1,3375
2017-01-02T20:30:00Z,Schweizer Cup,4,FC Basel 1893 – FC Zürich,3:1 (2:1),2016-17,FC Basel 1893,FC Zürich,3,1,2017-01-02,https://www.fcz.ch/de/profis/news/2017/der-fcz-verliert-basel-13/,Der FCZ verliert in Basel mit 1:3,25259
2017-01-05T15:00:00Z,Meisterschaft,23,FC Zürich – FC Chiasso,1:0 (1:0),2016-17,FC Zürich,FC Chiasso,1,0,2017-01-05,https://www.fcz.ch/de/profis/news/2017/31-sieg-im-testspiel-gegen-den-fc-vaduz/,3:1-Sieg im Testspiel gegen den FC Vaduz,150
2017-01-08T18:00:00Z,Testspiele,17,FC Zürich – FC Dietikon,9:1 (5:1),2016-17,FC Zürich,FC Dietikon,9,1,2017-01-08,,,
2017-01-13T19:45:00Z,Meisterschaft,24,FC Aarau – FC Zürich,0:0 (abgebrochen),2016-17,FC Aarau,FC Zürich,0,0,2017-01-13,https://www.fcz.ch/de/profis/news/2017/der-fcz-gewinnt-gegen-winterthur-mit-30/,Der FCZ gewinnt gegen Winterthur mit 3:0,9200
2017-01-18T19:00:00Z,Meisterschaft,25,FC Zürich – FC Winterthur,2:2 (0:1),2016-17,FC Zürich,FC Winterthur,2,2,2017-01-18,https://www.fcz.ch/de/profis/news/2017/der-fcz-und-winterthur-trennen-sich-22/,Der FCZ und Winterthur trennen sich 2:2-Unentschieden,10260
2017-01-23T14:00:00Z,Testspiele,18,FC Luzern – FC Zürich,0:1 (0:1),2016-17,FC Luzern,FC Zürich,0,1,2017-01-23,https://www.fcz.ch/de/profis/news/2017/derbysieg/,Der FCZ bezwingt den Grasshopper Club im 247. Zürcher Derby mit 2:0,20000
2017-01-29T18:30:00Z,Testspiele,19,SC YF Juventus – FC Zürich,1:5 (1:2),2016-17,SC YF Juventus,FC Zürich,1,5,2017-01-29,https://www.fcz.ch/de/profis/news/2017/spielbericht-sg/,Der FCZ bezwingt St.Gallen im Testspiel mit 3:2,2020
2017-04-01T19:00:00Z,Meisterschaft,26,FC Zürich – FC Schaffhausen,2:1 (1:0),2016-17,FC Zürich,FC Schaffhausen,2,1,2017-04-01,https://www.fcz.ch/de/profis/news/2017/der-fcz-gewinnt-gegen-schaffhausen-mit-21/,Der FCZ gewinnt gegen Schaffhausen mit 2:1,8885
2017-04-10T19:45:00Z,Meisterschaft,27,FC Le Mont LS – FC Zürich,2:5 (0:3),2016-17,FC Le Mont LS,FC Zürich,2,5,2017-04-10,https://www.fcz.ch/de/profis/news/2017/klarer-52-sieg-des-fcz-beim-fc-le-mont/,Klarer 5:2-Sieg des FCZ beim FC Le Mont,1100
2017-04-13T19:00:00Z,Testspiele,20,FC Wettswil-Bonstetten – FC Zürich,0:6 (0:5),2016-17,FC Wettswil-Bonstetten,FC Zürich,0,6,2017-04-13,,,
2017-04-17T15:00:00Z,Meisterschaft,28,FC Zürich – FC Aarau,3:2 (2:0),2016-17,FC Zürich,FC Aarau,3,2,2017-04-17,,,
2017-04-24T19:45:00Z,Meisterschaft,29,Neuchâtel Xamax FCS – FC Zürich,1:1 (0:0),2016-17,Neuchâtel Xamax FCS,FC Zürich,1,1,2017-04-24,https://www.fcz.ch/de/profis/news/2017/der-fcz-spielt-11-unentschieden-gegen-neuchatel-xa/,Der FCZ spielt 1:1-Unentschieden gegen Neuchâtel Xamax,4224
2017-04-30T15:00:00Z,Meisterschaft,30,FC Chiasso – FC Zürich,1:2 (1:1),2016-17,FC Chiasso,FC Zürich,1,2,2017-04-30,https://www.fcz.ch/de/profis/news/2017/der-fcz-gewinnt-gegen-chiasso-mit-21/,Der FCZ gewinnt gegen Chiasso mit 2:1,1850
2017-01-04T19:30:00Z,Meisterschaft,24,FC Aarau – FC Zürich,3:1 (2:0),2016-17,FC Aarau,FC Zürich,3,1,2017-01-04,https://www.fcz.ch/de/profis/news/2017/der-fcz-und-racing-strasbourg-trennen-sich-im-test/,Der FCZ und Racing Strasbourg trennen sich im Testspiel 1:1-Remis,2000
2017-01-08T19:45:00Z,Meisterschaft,31,FC Zürich – FC Le Mont LS,5:1 (1:0),2016-17,FC Zürich,FC Le Mont LS,5,1,2017-01-08,,,
2017-01-13T17:45:00Z,Meisterschaft,32,FC Winterthur – FC Zürich,0:3 (0:1),2016-17,FC Winterthur,FC Zürich,0,3,2017-01-13,https://www.fcz.ch/de/profis/news/2017/der-fcz-gewinnt-gegen-winterthur-mit-30/,Der FCZ gewinnt gegen Winterthur mit 3:0,9200
2017-01-17T19:45:00Z,Meisterschaft,33,FC Zürich – Servette FC,1:1 (0:0),2016-17,FC Zürich,Servette FC,1,1,2017-01-17,https://www.fcz.ch/de/profis/news/2017/der-fcz-verliert-gegen-den-fc-lausanne-sport-mit-5/,Der FCZ verliert gegen den FC Lausanne-Sport mit 1:5,3627
2017-01-20T19:00:00Z,Meisterschaft,34,FC Zürich – FC Wil 1900,0:2 (0:0),2016-17,FC Zürich,FC Wil 1900,0,2,2017-01-20,https://www.fcz.ch/de/profis/news/2017/der-fcz-verliert-gegen-den-fc-wil-mit-02/,Der FCZ verliert gegen den FC Wil mit 0:2,10135
2017-01-27T19:00:00Z,Meisterschaft,35,FC Schaffhausen – FC Zürich,0:4 (0:2),2016-17,FC Schaffhausen,FC Zürich,0,4,2017-01-27,https://www.fcz.ch/de/profis/news/2017/der-fcz-gewinnt-gegen-schaffhausen-mit-40/,Der FCZ gewinnt gegen Schaffhausen mit 4:0,6768
2017-01-03T17:45:00Z,Meisterschaft,36,FC Zürich – FC Wohlen,3:0 (1:0),2016-17,FC Zürich,FC Wohlen,3,0,2017-01-03,https://www.fcz.ch/de/profis/news/2017/der-fcz-gewinnt-gegen-den-fc-st-gallen-mit-31/,Der FCZ gewinnt gegen den FC St.Gallen mit 3:1,12577
2017-01-24T17:00:00Z,Testspiele,1,FC Rüti – FC Zürich,0:5 (0:3),2017-18,FC Rüti,FC Zürich,0,5,2017-01-24,https://www.fcz.ch/de/profis/news/2017/der-fcz-gewinnt-gegen-stade-lausanne-ouchy-mit-41/,Der FCZ gewinnt gegen Stade Lausanne-Ouchy mit 4:1,1200
2017-01-01T18:00:00Z,Testspiele,2,FC Thun – FC Zürich,1:1 (1:0),2017-18,FC Thun,FC Zürich,1,1,2017-01-01,https://www.fcz.ch/de/profis/news/2017/der-fcz-bezwingt-den-fc-lugano-30/,Der FCZ bezwingt den FC Lugano mit 3:0,9272
2017-01-04T19:00:00Z,Testspiele,3,Racing Club Strasbourg Alsace – FC Zürich,1:1 (0:0),2017-18,Racing Club Strasbourg Alsace,FC Zürich,1,1,2017-01-04,https://www.fcz.ch/de/profis/news/2017/der-fcz-und-racing-strasbourg-trennen-sich-im-test/,Der FCZ und Racing Strasbourg trennen sich im Testspiel 1:1-Remis,2000
2017-01-09T18:00:00Z,Testspiele,4,SV Sandhausen – FC Zürich,2:1 (1:1),2017-18,SV Sandhausen,FC Zürich,2,1,2017-01-09,https://www.fcz.ch/de/profis/news/2017/der-fcz-verliert-das-testspiel-gegen-den-sv-sandha/,Der FCZ verliert das Testspiel gegen den SV Sandhausen mit 1:2,350
2017-01-16T17:00:00Z,Testspiele,5,FC Zürich – Göztepe SK,6:1 (4:0),2017-18,FC Zürich,Göztepe SK,6,1,2017-01-16,https://www.fcz.ch/de/profis/news/2017/61-sieg-im-testspiel-gegen-goztepe/,6:1-Sieg im Testspiel gegen Göztepe,400
2017-01-19T18:30:00Z,Testspiele,6,FC Zürich – FC Schaffhausen,1:2 (1:0),2017-18,FC Zürich,FC Schaffhausen,1,2,2017-01-19,,,
2017-01-23T16:00:00Z,Meisterschaft,1,Grasshopper Club Zürich – FC Zürich,0:2 (0:1),2017-18,Grasshopper Club Zürich,FC Zürich,0,2,2017-01-23,https://www.fcz.ch/de/profis/news/2017/derbysieg/,Der FCZ bezwingt den Grasshopper Club im 247. Zürcher Derby mit 2:0,20000
2017-01-30T16:00:00Z,Meisterschaft,2,FC Zürich – FC Thun,2:1 (0:1),2017-18,FC Zürich,FC Thun,2,1,2017-01-30,https://www.fcz.ch/de/profis/news/2017/der-fcz-gewinnt-21-gegen-thun/,Der FCZ gewinnt gegen den FC Thun mit 2:1,10191
2017-08-05T19:00:00Z,Meisterschaft,3,FC Lugano – FC Zürich,0:0 (0:0),2017-18,FC Lugano,FC Zürich,0,0,2017-08-05,https://www.fcz.ch/de/profis/news/2017/der-fcz-und-der-fc-lugano-trennen-sich-00/,Der FCZ und der FC Lugano trennen sich 0:0-Unentschieden,4510
2017-08-10T20:00:00Z,Meisterschaft,4,FC Zürich – FC Sion,2:0 (2:0),2017-18,FC Zürich,FC Sion,2,0,2017-08-10,https://www.fcz.ch/de/profis/news/2017/der-fcz-gewinnt-gegen-den-fc-sion-20/,Der FCZ gewinnt gegen den FC Sion mit 2:0,10472
2017-08-13T14:30:00Z,Schweizer Cup,1,FC Chippis – FC Zürich,0:10 (0:6),2017-18,FC Chippis,FC Zürich,0,10,2017-08-13,https://www.fcz.ch/de/profis/news/2017/der-fcz-gewinnt-beim-fc-chippis-100/,Der FCZ gewinnt beim FC Chippis 10:0,2000
2017-08-19T19:00:00Z,Meisterschaft,5,FC Zürich – BSC Young Boys,0:0 (0:0),2017-18,FC Zürich,BSC Young Boys,0,0,2017-08-19,https://www.fcz.ch/de/profis/news/2017/fcz-bsc-yb/,Der FCZ und der BSC YB trennen sich 0:0-Remis,15123
2017-08-27T16:00:00Z,Meisterschaft,6,FC Luzern – FC Zürich,1:1 (1:0),2017-18,FC Luzern,FC Zürich,1,1,2017-08-27,https://www.fcz.ch/de/profis/news/2017/der-fcz-und-luzern-trennen-sich-11/,Der FCZ und Luzern trennen sich 1:1-Remis,11759
2017-08-30T20:00:00Z,Testspiele,7,FC Uster – FC Zürich,0:5 (0:5),2017-18,FC Uster,FC Zürich,0,5,2017-08-30,https://www.fcz.ch/de/profis/news/2017/zwei-siege-am-3-stadteturnier-uster/,Zwei Siege am 3-Städteturnier in Uster,2020
2017-08-30T21:00:00Z,Testspiele,8,FC Zürich – FC Winterthur,2:0 (2:0),2017-18,FC Zürich,FC Winterthur,2,0,2017-08-30,https://www.fcz.ch/de/profis/news/2017/zwei-siege-am-3-stadteturnier-uster/,Zwei Siege am 3-Städteturnier in Uster,2020
2017-09-05T18:00:00Z,Testspiele,9,FC Rapperswil-Jona – FC Zürich,0:3 (0:0),2017-18,FC Rapperswil-Jona,FC Zürich,0,3,2017-09-05,https://www.fcz.ch/de/profis/news/2017/30-sieg-im-testspiel-gegen-rapperswil-jona/,3:0-Sieg im Testspiel gegen Rapperswil-Jona,550
2017-09-09T19:00:00Z,Meisterschaft,7,FC Zürich – FC St.Gallen 1879,1:1 (1:0),2017-18,FC Zürich,FC St.Gallen 1879,1,1,2017-09-09,https://www.fcz.ch/de/profis/news/2017/der-fcz-und-stgallen-trennen-sich-11/,Der FCZ und der FC St.Gallen 1879 trennen sich 1:1-Remis,10230
2017-09-16T16:00:00Z,Schweizer Cup,2,FC Bassersdorf – FC Zürich,0:3 (0:1),2017-18,FC Bassersdorf,FC Zürich,0,3,2017-09-16,https://www.fcz.ch/de/profis/news/2017/der-fcz-gewinnt-in-der-zweiten-cuprunde-gegen-bass/,Der FCZ gewinnt in der zweiten Cuprunde gegen Bassersdorf mit 3:0,3200
2017-09-20T20:00:00Z,Meisterschaft,8,FC Lausanne-Sport – FC Zürich,1:1 (1:1),2017-18,FC Lausanne-Sport,FC Zürich,1,1,2017-09-20,https://www.fcz.ch/de/profis/news/2017/der-fcz-spielt-gegen-lausanne-sport-11-unentschied/,Der FCZ spielt gegen Lausanne-Sport 1:1-Unentschieden,3278
2017-09-23T19:00:00Z,Meisterschaft,9,FC Basel 1893 – FC Zürich,1:0 (0:0),2017-18,FC Basel 1893,FC Zürich,1,0,2017-09-23,https://www.fcz.ch/de/profis/news/2017/der-fcz-verliert-gegen-basel-mit-01/,Der FCZ verliert gegen Basel mit 0:1,29584
2017-01-01T16:00:00Z,Meisterschaft,10,FC Zürich – FC Lugano,3:0 (1:0),2017-18,FC Zürich,FC Lugano,3,0,2017-01-01,https://www.fcz.ch/de/profis/news/2017/der-fcz-bezwingt-den-fc-lugano-30/,Der FCZ bezwingt den FC Lugano mit 3:0,9272
2017-01-05T15:00:00Z,Testspiele,10,FC Zürich – FC Vaduz,3:1 (3:1),2017-18,FC Zürich,FC Vaduz,3,1,2017-01-05,https://www.fcz.ch/de/profis/news/2017/31-sieg-im-testspiel-gegen-den-fc-vaduz/,3:1-Sieg im Testspiel gegen den FC Vaduz,150
2017-01-15T16:00:00Z,Meisterschaft,11,FC Thun – FC Zürich,1:3 (0:2),2017-18,FC Thun,FC Zürich,1,3,2017-01-15,https://www.fcz.ch/de/profis/news/2017/der-fcz-gewinnt-gegen-thun-mit-31/,Der FCZ gewinnt gegen Thun mit 3:1,7526
2017-01-21T19:00:00Z,Meisterschaft,12,FC Zürich – Grasshopper Club Zürich,0:4 (0:1),2017-18,FC Zürich,Grasshopper Club Zürich,0,4,2017-01-21,https://www.fcz.ch/de/profis/news/2017/der-fcz-verliert-das-zurcher-derby-04/,Der FCZ verliert das Zürcher Derby 0:4,17783
2017-01-24T20:00:00Z,Schweizer Cup,3,FC Stade Lausanne-Ouchy – FC Zürich,1:4 (1:2),2017-18,FC Stade Lausanne-Ouchy,FC Zürich,1,4,2017-01-24,https://www.fcz.ch/de/profis/news/2017/der-fcz-gewinnt-gegen-stade-lausanne-ouchy-mit-41/,Der FCZ gewinnt gegen Stade Lausanne-Ouchy mit 4:1,1200
2017-01-28T19:00:00Z,Meisterschaft,13,FC Zürich – FC Basel 1893,0:0 (0:0),2017-18,FC Zürich,FC Basel 1893,0,0,2017-01-28,https://www.fcz.ch/de/profis/news/2017/der-fcz-spielt-00-gegen-den-fc-basel/,Der FCZ spielt 0:0 gegen den FC Basel,15023
2017-11-04T19:00:00Z,Meisterschaft,14,FC Sion – FC Zürich,1:1 (0:0),2017-18,FC Sion,FC Zürich,1,1,2017-11-04,https://www.fcz.ch/de/profis/news/2017/der-fcz-und-sion-trennen-sich-11-unentschieden/,Der FCZ und Sion trennen sich 1:1-Unentschieden,9500
2017-11-19T16:00:00Z,Meisterschaft,15,BSC Young Boys – FC Zürich,2:1 (1:1),2017-18,BSC Young Boys,FC Zürich,2,1,2017-11-19,https://www.fcz.ch/de/profis/news/2017/der-fcz-unterliegt-yb-mit-12/,Der FCZ unterliegt YB mit 1:2,20800
2017-11-26T16:00:00Z,Meisterschaft,16,FC Zürich – FC Lausanne-Sport,2:0 (0:0),2017-18,FC Zürich,FC Lausanne-Sport,2,0,2017-11-26,https://www.fcz.ch/de/profis/news/2017/der-fcz-gewinnt-gegen-lausanne-sport-20/,Der FCZ gewinnt gegen Lausanne-Sport mit 2:0,9225
2017-11-29T19:30:00Z,Schweizer Cup,4,FC Zürich – FC Thun,4:3 (0:2),2017-18,FC Zürich,FC Thun,4,3,2017-11-29,https://www.fcz.ch/de/profis/news/2017/der-fcz-besiegt-thun-43-und-steht-im-cup-halbfinal/,Der FCZ besiegt Thun mit 4:3 und steht im Cup-Halbfinale,4663
2017-01-03T16:00:00Z,Meisterschaft,17,FC St.Gallen 1879 – FC Zürich,1:3 (1:2),2017-18,FC St.Gallen 1879,FC Zürich,1,3,2017-01-03,https://www.fcz.ch/de/profis/news/2017/der-fcz-gewinnt-gegen-den-fc-st-gallen-mit-31/,Der FCZ gewinnt gegen den FC St.Gallen mit 3:1,12577
2017-01-10T16:00:00Z,Meisterschaft,18,FC Zürich – FC Luzern,1:2 (1:2),2017-18,FC Zürich,FC Luzern,1,2,2017-01-10,https://www.fcz.ch/de/profis/news/2017/der-fcz-verliert-gegen-den-fc-luzern-12/,Der FCZ verliert gegen den FC Luzern mit 1:2,8732
2017-01-17T16:00:00Z,Meisterschaft,19,FC Lausanne-Sport – FC Zürich,5:1 (4:0),2017-18,FC Lausanne-Sport,FC Zürich,5,1,2017-01-17,https://www.fcz.ch/de/profis/news/2017/der-fcz-verliert-gegen-den-fc-lausanne-sport-mit-5/,Der FCZ verliert gegen den FC Lausanne-Sport mit 1:5,3627
2018-01-10T14:00:00Z,Testspiele,11,FC Schaffhausen – FC Zürich,2:0 (2:0),2017-18,FC Schaffhausen,FC Zürich,2,0,2018-01-10,https://www.fcz.ch/de/profis/news/2018/der-fcz-gewinnt-gegen-den-fc-lugano-30/,Der FCZ gewinnt gegen den FC Lugano mit 3:0,8069
2018-01-17T13:30:00Z,Testspiele,12,Qäbälä FK – FC Zürich,0:1 (0:0),2017-18,Qäbälä FK,FC Zürich,0,1,2018-01-17,https://www.fcz.ch/de/profis/news/2018/der-fcz-verliert-gegen-yb-12/,Der FCZ verliert gegen YB 1:2,10560
2018-01-20T16:00:00Z,Testspiele,13,HNK Hajduk Split – FC Zürich,4:1 (4:1),2017-18,HNK Hajduk Split,FC Zürich,4,1,2018-01-20,https://www.fcz.ch/de/profis/news/2018/33-unentschieden-zwischen-dem-fcz-und-yb/,3:3-Unentschieden zwischen dem FCZ und YB,12663
2018-01-22T13:30:00Z,Testspiele,14,KF Shkëndija – FC Zürich,1:2 (0:0),2017-18,KF Shkëndija,FC Zürich,1,2,2018-01-22,https://www.fcz.ch/de/profis/news/2018/der-fcz-gewinnt-gegen-den-fc-thun-21/,Der FCZ gewinnt gegen den FC Thun mit 2:1,9310
2018-01-27T14:30:00Z,Testspiele,15,CASHPOINT SCR Altach – FC Zürich,0:2 (0:0),2017-18,CASHPOINT SCR Altach,FC Zürich,0,2,2018-01-27,https://www.fcz.ch/de/profis/news/2018/fcz-gewinnt-testspiel-gegen-wil-42/,Der FCZ gewinnt das zweite Testspiel gegen den FC Wil 1900 mit 4:2,150
2018-01-31T15:30:00Z,Testspiele,16,FC Zürich – FC Winterthur,1:1 (0:1),2017-18,FC Zürich,FC Winterthur,1,1,2018-01-31,https://www.fcz.ch/de/profis/news/2018/fcz-gewinnt-cup-achtelfinal-red-star-32/,Der FCZ gewinnt im Cup-Achtelfinale gegen den FC Red Star mit 3:2,3500
2018-02-04T16:00:00Z,Meisterschaft,20,FC Zürich – FC Thun,2:4 (0:2),2017-18,FC Zürich,FC Thun,2,4,2018-02-04,https://www.fcz.ch/de/profis/news/2018/der-fcz-verliert-gegen-thun-24/,Der FCZ verliert gegen Thun mit 2:4,8423
2018-02-11T16:00:00Z,Meisterschaft,21,FC St.Gallen 1879 – FC Zürich,1:2 (1:0),2017-18,FC St.Gallen 1879,FC Zürich,1,2,2018-02-11,https://www.fcz.ch/de/profis/news/2018/der-fcz-siegt-stgallen-21/,Der FCZ siegt in St.Gallen mit 2:1,13323
2018-02-18T16:00:00Z,Meisterschaft,22,FC Zürich – FC Luzern,1:1 (0:1),2017-18,FC Zürich,FC Luzern,1,1,2018-02-18,https://www.fcz.ch/de/profis/news/2018/der-fcz-und-der-fc-luzern-trennen-sich-11-remis/,Der FCZ und der FC Luzern trennen sich 1:1-Remis,8273
2018-02-25T16:00:00Z,Meisterschaft,23,Grasshopper Club Zürich – FC Zürich,1:0 (1:0),2017-18,Grasshopper Club Zürich,FC Zürich,1,0,2018-02-25,https://www.fcz.ch/de/profis/news/2018/der-fcz-verliert-gegen-gc-01/,Der FCZ verliert gegen GC 0:1,12300
2018-02-28T20:15:00Z,Schweizer Cup,5,FC Zürich – Grasshopper Club Zürich,2:1 (1:1),2017-18,FC Zürich,Grasshopper Club Zürich,2,1,2018-02-28,https://www.fcz.ch/de/profis/news/2018/21-sieg-gegen-gc-der-fcz-steht-im-cupfinal/,2:1-Sieg gegen GC,15664
2018-01-03T19:00:00Z,Meisterschaft,24,FC Basel 1893 – FC Zürich,0:0 (0:0),2017-18,FC Basel 1893,FC Zürich,0,0,2018-01-03,https://www.fcz.ch/de/profis/news/2018/spiel-basel-wegen-stromausfall-abgesagt/,Spiel in Basel wegen Stromausfall abgesagt,2020
2018-01-10T19:00:00Z,Meisterschaft,25,FC Zürich – FC Lugano,3:0 (3:0),2017-18,FC Zürich,FC Lugano,3,0,2018-01-10,https://www.fcz.ch/de/profis/news/2018/der-fcz-gewinnt-gegen-den-fc-lugano-30/,Der FCZ gewinnt gegen den FC Lugano mit 3:0,8069
2018-01-17T19:00:00Z,Meisterschaft,26,FC Zürich – BSC Young Boys,1:2 (0:0),2017-18,FC Zürich,BSC Young Boys,1,2,2018-01-17,https://www.fcz.ch/de/profis/news/2018/der-fcz-verliert-gegen-yb-12/,Der FCZ verliert gegen YB 1:2,10560
2018-01-22T15:00:00Z,Testspiele,17,FC Zürich – FC Aarau,2:3 (1:2),2017-18,FC Zürich,FC Aarau,2,3,2018-01-22,https://www.fcz.ch/de/profis/news/2018/der-fcz-gewinnt-gegen-den-fc-thun-21/,Der FCZ gewinnt gegen den FC Thun mit 2:1,9310
2018-01-31T19:00:00Z,Meisterschaft,27,FC Sion – FC Zürich,1:1 (1:1),2017-18,FC Sion,FC Zürich,1,1,2018-01-31,https://www.fcz.ch/de/profis/news/2018/fcz-gewinnt-cup-achtelfinal-red-star-32/,Der FCZ gewinnt im Cup-Achtelfinale gegen den FC Red Star mit 3:2,3500
2018-04-07T19:00:00Z,Meisterschaft,28,FC Zürich – Grasshopper Club Zürich,1:1 (1:0),2017-18,FC Zürich,Grasshopper Club Zürich,1,1,2018-04-07,https://www.fcz.ch/de/profis/news/2018/fcz-und-gc-trennen-sich-11/,Der FCZ und GC trennen sich 1:1,14196
2018-04-11T18:45:00Z,Meisterschaft,24,FC Basel 1893 – FC Zürich,3:0 (1:0),2017-18,FC Basel 1893,FC Zürich,3,0,2018-04-11,https://www.fcz.ch/de/profis/news/2018/der-fcz-verliert-in-basel-03/,Der FCZ verliert in Basel mit 0:3,27137
2018-04-15T16:00:00Z,Meisterschaft,29,BSC Young Boys – FC Zürich,1:0 (0:0),2017-18,BSC Young Boys,FC Zürich,1,0,2018-04-15,https://www.fcz.ch/de/profis/news/2018/der-fcz-verliert-gegen-den-bsc-young-boys-mit-01/,Der FCZ verliert gegen den BSC Young Boys mit 0:1,26702
2018-04-18T20:00:00Z,Meisterschaft,30,FC Zürich – FC St.Gallen 1879,4:0 (3:0),2017-18,FC Zürich,FC St.Gallen 1879,4,0,2018-04-18,https://www.fcz.ch/de/profis/news/2018/der-fcz-gewinnt-gegen-den-fc-stgallen-mit-40/,Der FCZ gewinnt gegen den FC St.Gallen mit 4:0,8817
2018-04-22T16:00:00Z,Meisterschaft,31,FC Luzern – FC Zürich,2:1 (1:1),2017-18,FC Luzern,FC Zürich,2,1,2018-04-22,https://www.fcz.ch/de/profis/news/2018/der-fcz-verliert-luzern-mit-12/,Der FCZ verliert in Luzern mit 1:2,11225
2018-04-29T16:00:00Z,Meisterschaft,32,FC Zürich – FC Sion,3:3 (0:1),2017-18,FC Zürich,FC Sion,3,3,2018-04-29,https://www.fcz.ch/de/profis/news/2018/33-unentschieden-gegen-sion/,3:3-Unentschieden gegen den FC Sion,9061
2018-01-06T16:00:00Z,Meisterschaft,33,FC Zürich – FC Lausanne-Sport,1:1 (0:0),2017-18,FC Zürich,FC Lausanne-Sport,1,1,2018-01-06,https://www.fcz.ch/de/profis/news/2018/der-fcz-unterliegt-vaduz-im-testspiel-mit-12/,Der FCZ unterliegt Vaduz im Testspiel mit 1:2,85
2018-01-09T20:00:00Z,Meisterschaft,34,FC Thun – FC Zürich,0:1 (0:0),2017-18,FC Thun,FC Zürich,0,1,2018-01-09,https://www.fcz.ch/de/profis/news/2018/der-fcz-verliert-gegen-den-fc-basel-mit-02/,Der FCZ verliert gegen den FC Basel mit 0:2,26760
2018-01-13T16:00:00Z,Meisterschaft,35,FC Zürich – FC Basel 1893,4:1 (0:0),2017-18,FC Zürich,FC Basel 1893,4,1,2018-01-13,https://www.fcz.ch/de/profis/news/2018/fcz-spielt-gegen-pfc-ludogorets-1945-unentschieden/,Der FCZ spielt auswärts gegen PFC Ludogorets 1945 1:1-Unentschieden,2020
2018-01-19T19:00:00Z,Meisterschaft,36,FC Lugano – FC Zürich,1:1 (0:0),2017-18,FC Lugano,FC Zürich,1,1,2018-01-19,https://www.fcz.ch/de/profis/news/2018/der-fcz-und-lugano-trennen-sich-11-unentschieden/,Der FCZ und Lugano trennen sich 1:1-Unentschieden,3690
2018-01-27T14:00:00Z,Schweizer Cup,6,FC Zürich – BSC Young Boys,2:1 (1:0),2017-18,FC Zürich,BSC Young Boys,2,1,2018-01-27,https://www.fcz.ch/de/profis/news/2018/fcz-gewinnt-testspiel-gegen-wil-42/,Der FCZ gewinnt das zweite Testspiel gegen den FC Wil 1900 mit 4:2,150
2018-01-23T17:30:00Z,Testspiele,1,FC Zürich – FC Rapperswil-Jona,1:2 (0:1),2018-19,FC Zürich,FC Rapperswil-Jona,1,2,2018-01-23,https://www.fcz.ch/de/profis/news/2018/fcz-verliert-testspiel-gegen-rapperswil-jona-12/,Der FCZ verliert das erste Testspiel gegen Rapperswil-Jona mit 1:2,700
2018-01-27T15:00:00Z,Testspiele,2,FC Zürich – FC Wil 1900,4:2 (1:2),2018-19,FC Zürich,FC Wil 1900,4,2,2018-01-27,https://www.fcz.ch/de/profis/news/2018/fcz-gewinnt-testspiel-gegen-wil-42/,Der FCZ gewinnt das zweite Testspiel gegen den FC Wil 1900 mit 4:2,150
2018-01-30T16:00:00Z,Testspiele,3,FC Zürich – FC St.Gallen 1879,4:1 (2:0),2018-19,FC Zürich,FC St.Gallen 1879,4,1,2018-01-30,https://www.fcz.ch/de/profis/news/2018/der-fcz-bezwingt-den-fc-stgallen-1879-mit-41/,Der FCZ bezwingt den FC St.Gallen 1879 mit 4:1,300
2018-01-06T16:00:00Z,Testspiele,4,FC Vaduz – FC Zürich,2:1 (1:0),2018-19,FC Vaduz,FC Zürich,2,1,2018-01-06,https://www.fcz.ch/de/profis/news/2018/der-fcz-unterliegt-vaduz-im-testspiel-mit-12/,Der FCZ unterliegt Vaduz im Testspiel mit 1:2,85
2018-01-09T18:00:00Z,Testspiele,5,FC Zürich – VfL Bochum,0:3 (0:2),2018-19,FC Zürich,VfL Bochum,0,3,2018-01-09,https://www.fcz.ch/de/profis/news/2018/der-fcz-verliert-gegen-den-fc-basel-mit-02/,Der FCZ verliert gegen den FC Basel mit 0:2,26760
2018-01-14T14:00:00Z,Testspiele,6,FC Zürich – Atromitos Athen,0:0 (0:0),2018-19,FC Zürich,Atromitos Athen,0,0,2018-01-14,https://www.fcz.ch/de/profis/news/2018/stadtclub-atromitos-trennen-sich-torlos-remis/,Der Stadtclub und Atromitos Athen trennen sich torlos Remis,300
2018-01-22T16:00:00Z,Meisterschaft,1,FC Zürich – FC Thun,2:1 (1:0),2018-19,FC Zürich,FC Thun,2,1,2018-01-22,https://www.fcz.ch/de/profis/news/2018/der-fcz-gewinnt-gegen-den-fc-thun-21/,Der FCZ gewinnt gegen den FC Thun mit 2:1,9310
2018-01-28T19:00:00Z,Meisterschaft,2,Grasshopper Club Zürich – FC Zürich,0:2 (0:0),2018-19,Grasshopper Club Zürich,FC Zürich,0,2,2018-01-28,https://www.fcz.ch/de/profis/news/2018/der-fcz-verliert-gegen-st-gallen-mit-23/,Der FCZ verliert gegen den FC St.Gallen mit 2:3,12120
2018-08-05T16:00:00Z,Meisterschaft,3,BSC Young Boys – FC Zürich,4:0 (3:0),2018-19,BSC Young Boys,FC Zürich,4,0,2018-08-05,https://www.fcz.ch/de/profis/news/2018/der-fcz-verliert-gegen-yb-04/,Der FCZ verliert gegen den BSC Young Boys mit 0:4,22827
2018-08-07T11:00:00Z,Testspiele,7,Borussia Dortmund – FC Zürich,4:3 (2:2),2018-19,Borussia Dortmund,FC Zürich,4,3,2018-08-07,https://www.fcz.ch/de/profis/news/2018/der-fcz-verliert-gegen-borussia-dortmund-mit-34/,Der FCZ verliert gegen Borussia Dortmund mit 3:4,2020
2018-08-12T16:00:00Z,Meisterschaft,4,FC Zürich – FC St.Gallen 1879,0:0 (0:0),2018-19,FC Zürich,FC St.Gallen 1879,0,0,2018-08-12,https://www.fcz.ch/de/profis/news/2018/der-fcz-und-stgallen-spielen-00/,Der FCZ und St.Gallen trennen sich 0:0,11648
2018-08-18T18:00:00Z,Schweizer Cup,1,FC Concordia Basel – FC Zürich,0:6 (0:4),2018-19,FC Concordia Basel,FC Zürich,0,6,2018-08-18,https://www.fcz.ch/de/profis/news/2018/der-fcz-gewinnt-gegen-concordia-basel-60/,Der FCZ gewinnt gegen Concordia Basel mit 6:0,502
2018-08-26T16:00:00Z,Meisterschaft,5,FC Zürich – FC Basel 1893,1:1 (0:1),2018-19,FC Zürich,FC Basel 1893,1,1,2018-08-26,https://www.fcz.ch/de/profis/news/2018/der-fcz-und-der-fcb-trennen-sich-11/,Der FCZ und der FCB trennen sich 1:1-Remis,13162
2018-09-01T19:00:00Z,Meisterschaft,6,FC Lugano – FC Zürich,1:0 (1:0),2018-19,FC Lugano,FC Zürich,1,0,2018-09-01,https://www.fcz.ch/de/profis/news/2018/der-fcz-verliert-lugano-01/,Der FCZ verliert in Lugano mit 0:1,3348
2018-09-05T20:00:00Z,Testspiele,8,FC Uster – FC Zürich,0:2,2018-19,FC Uster,FC Zürich,0,2,2018-09-05,,,
2018-09-05T21:00:00Z,Testspiele,9,FC Winterthur – FC Zürich,3:1,2018-19,FC Winterthur,FC Zürich,3,1,2018-09-05,,,
2018-09-15T19:00:00Z,Schweizer Cup,2,FC Breitenrain – FC Zürich,2:4 (0:3),2018-19,FC Breitenrain,FC Zürich,2,4,2018-09-15,https://www.fcz.ch/de/profis/news/2018/der-fcz-gewinnt-gegen-den-fc-breitenrain-mit-42/,Der FCZ gewinnt gegen den FC Breitenrain mit 4:2,3031
2018-09-20T21:00:00Z,International,1,AEK Larnaca FC – FC Zürich,0:1 (0:0),2018-19,AEK Larnaca FC,FC Zürich,0,1,2018-09-20,https://www.fcz.ch/de/profis/news/2018/der-fcz-siegt-zypern-10/,Der FCZ siegt in Zypern 1:0,23
2018-09-23T16:00:00Z,Meisterschaft,7,FC Zürich – FC Luzern,1:0 (0:0),2018-19,FC Zürich,FC Luzern,1,0,2018-09-23,https://www.fcz.ch/de/profis/news/2018/der-fcz-gewinnt-gegen-luzern-10/,Der FCZ gewinnt gegen Luzern mit 1:0,10431
2018-09-27T20:00:00Z,Meisterschaft,8,FC Sion – FC Zürich,1:2 (0:1),2018-19,FC Sion,FC Zürich,1,2,2018-09-27,https://www.fcz.ch/de/profis/news/2018/der-fcz-gewinnt-sion-21/,Der FCZ gewinnt in Sion 2:1,8000
2018-09-30T16:00:00Z,Meisterschaft,9,FC Zürich – Neuchâtel Xamax FCS,0:0 (0:0),2018-19,FC Zürich,Neuchâtel Xamax FCS,0,0,2018-09-30,https://www.fcz.ch/de/profis/news/2018/fcz-neuchatel-xamax-trennen-sich-00-unentschieden/,Der FCZ und Neuchâtel Xamax trennen sich 0:0-Unentschieden,8871
2018-01-04T18:55:00Z,International,2,FC Zürich – PFC Ludogorets 1945,1:0 (0:0),2018-19,FC Zürich,PFC Ludogorets 1945,1,0,2018-01-04,https://www.fcz.ch/de/profis/news/2018/der-fcz-gewinnt-gegen-ludogorets-10/,Der FCZ gewinnt gegen Ludogorets mit 1:0,7092
2018-01-07T16:00:00Z,Meisterschaft,10,FC Thun – FC Zürich,2:2 (0:1),2018-19,FC Thun,FC Zürich,2,2,2018-01-07,https://www.fcz.ch/de/profis/news/2018/fcz-spielt-auswarts-gegen-thun-22-untentschieden/,Der FCZ spielt auswärts gegen Thun 2:2-Unentschieden,5526
2018-01-11T14:00:00Z,Testspiele,10,FC Zürich – FC Winterthur,1:5 (0:1),2018-19,FC Zürich,FC Winterthur,1,5,2018-01-11,https://www.fcz.ch/de/profis/news/2018/der-fcz-verliert-gegen-winterthur-mit-15/,Der FCZ verliert gegen den FC Winterthur mit 1:5,200
2018-01-20T19:00:00Z,Meisterschaft,11,FC Zürich – BSC Young Boys,3:3 (2:0),2018-19,FC Zürich,BSC Young Boys,3,3,2018-01-20,https://www.fcz.ch/de/profis/news/2018/33-unentschieden-zwischen-dem-fcz-und-yb/,3:3-Unentschieden zwischen dem FCZ und YB,12663
2018-01-25T18:55:00Z,International,3,FC Zürich – Bayer 04 Leverkusen,3:2 (1:0),2018-19,FC Zürich,Bayer 04 Leverkusen,3,2,2018-01-25,,,
2018-01-28T16:00:00Z,Meisterschaft,12,FC St.Gallen 1879 – FC Zürich,3:2 (1:0),2018-19,FC St.Gallen 1879,FC Zürich,3,2,2018-01-28,https://www.fcz.ch/de/profis/news/2018/der-fcz-verliert-gegen-st-gallen-mit-23/,Der FCZ verliert gegen den FC St.Gallen mit 2:3,12120
2018-01-31T20:00:00Z,Schweizer Cup,3,FC Red Star Zürich – FC Zürich,2:3 (1:3),2018-19,FC Red Star Zürich,FC Zürich,2,3,2018-01-31,https://www.fcz.ch/de/profis/news/2018/fcz-gewinnt-cup-achtelfinal-red-star-32/,Der FCZ gewinnt im Cup-Achtelfinale gegen den FC Red Star mit 3:2,3500
2018-11-04T16:00:00Z,Meisterschaft,13,FC Luzern – FC Zürich,2:5 (1:2),2018-19,FC Luzern,FC Zürich,2,5,2018-11-04,https://www.fcz.ch/de/profis/news/2018/der-fcz-gewinnt-luzern-mit-52/,Der FCZ gewinnt in Luzern mit 5:2,10124
2018-11-08T21:00:00Z,International,4,Bayer 04 Leverkusen – FC Zürich,1:0 (0:0),2018-19,Bayer 04 Leverkusen,FC Zürich,1,0,2018-11-08,https://www.fcz.ch/de/profis/news/2018/der-fcz-verliert-bei-bayer-leverkusen-01/,Der FCZ verliert bei Bayer 04 Leverkusen mit 0:1,197
2018-11-11T16:00:00Z,Meisterschaft,14,FC Zürich – FC Sion,1:2 (0:0),2018-19,FC Zürich,FC Sion,1,2,2018-11-11,https://www.fcz.ch/de/profis/news/2018/der-fcz-unterliegt-sion-12/,Der FCZ unterliegt Sion mit 1:2,10407
2018-11-15T15:00:00Z,Testspiele,11,FC Schaffhausen – FC Zürich,1:1 (1:1),2018-19,FC Schaffhausen,FC Zürich,1,1,2018-11-15,https://www.fcz.ch/de/profis/news/2018/fcz-schaffhausen-trennen-sich-im-testspiel-11/,Der FCZ und der FC Schaffhausen trennen sich im Testspiel 1:1-Remis,50
2018-11-24T19:00:00Z,Meisterschaft,15,Neuchâtel Xamax FCS – FC Zürich,3:3 (1:0),2018-19,Neuchâtel Xamax FCS,FC Zürich,3,3,2018-11-24,https://www.fcz.ch/de/profis/news/2018/fcz-neuchatel-xamax-trennen-sich-33-unentschieden/,Der FCZ und Neuchâtel Xamax FCS trennen sich 3:3-Unentschieden,4065
2018-11-29T18:55:00Z,International,5,FC Zürich – AEK Larnaca FC,1:2 (0:1),2018-19,FC Zürich,AEK Larnaca FC,1,2,2018-11-29,https://www.fcz.ch/de/profis/news/2018/der-fcz-verliert-gegen-aek-larnaca-fc-mit-12/,Der FCZ verliert gegen den AEK Larnaca FC mit 1:2,6107
2018-01-02T16:00:00Z,Meisterschaft,16,FC Zürich – Grasshopper Club Zürich,2:0 (0:0),2018-19,FC Zürich,Grasshopper Club Zürich,2,0,2018-01-02,https://www.fcz.ch/de/profis/news/2018/der-fcz-gewinnt-gegen-gc-20/,Der FCZ gewinnt gegen GC mit 2:0,14101
2018-01-09T16:00:00Z,Meisterschaft,17,FC Basel 1893 – FC Zürich,2:0 (1:0),2018-19,FC Basel 1893,FC Zürich,2,0,2018-01-09,https://www.fcz.ch/de/profis/news/2018/der-fcz-verliert-gegen-den-fc-basel-mit-02/,Der FCZ verliert gegen den FC Basel mit 0:2,26760
2018-01-13T21:00:00Z,International,6,PFC Ludogorets 1945 – FC Zürich,1:1 (1:1),2018-19,PFC Ludogorets 1945,FC Zürich,1,1,2018-01-13,https://www.fcz.ch/de/profis/news/2018/fcz-spielt-gegen-pfc-ludogorets-1945-unentschieden/,Der FCZ spielt auswärts gegen PFC Ludogorets 1945 1:1-Unentschieden,2020
2018-01-16T16:00:00Z,Meisterschaft,18,FC Zürich – FC Lugano,0:0 (0:0),2018-19,FC Zürich,FC Lugano,0,0,2018-01-16,https://www.fcz.ch/de/profis/news/2018/der-fcz-und-lugano-trennen-sich-torlos-remis/,Der FCZ und Lugano trennen sich torlos Remis,7769
2019-01-09T14:00:00Z,Testspiele,12,FC Zürich – FC Aarau,4:3 (2:3),2018-19,FC Zürich,FC Aarau,4,3,2019-01-09,https://www.fcz.ch/de/profis/news/2019/der-fcz-gewinnt-gegen-spartaks-jurmala-31/,Der FCZ gewinnt gegen den FK Spartaks Jürmala mit 3:1,50
2019-01-14T14:00:00Z,Testspiele,13,FC Zürich – KFC Uerdingen 05,3:1 (1:1),2018-19,FC Zürich,KFC Uerdingen 05,3,1,2019-01-14,https://www.fcz.ch/de/profis/news/2019/der-fcz-gewinnt-gegen-den-fc-stgallen-mit-31/,Der FCZ gewinnt gegen den FC St.Gallen mit 3:1,19024
2019-01-15T14:00:00Z,Testspiele,14,SG Dynamo Dresden – FC Zürich,2:1 (0:1),2018-19,SG Dynamo Dresden,FC Zürich,2,1,2019-01-15,https://www.fcz.ch/de/profis/news/2019/der-fcz-gewinnt-gegen-den-fc-thun-30/,Der FCZ gewinnt gegen den FC Thun mit 3:0,8727
2019-01-18T13:00:00Z,Testspiele,15,FC Zürich – CFR Cluj,1:2 (0:1),2018-19,FC Zürich,CFR Cluj,1,2,2019-01-18,https://www.fcz.ch/de/profis/news/2019/fcz-unterliegt-cluj-12/,Der FC Zürich unterliegt dem CFR Cluj mit 1:2,80
2019-01-19T14:00:00Z,Testspiele,16,FC Zürich – FK Sabail,1:1 (0:1),2018-19,FC Zürich,FK Sabail,1,1,2019-01-19,https://www.fcz.ch/de/profis/news/2019/der-fcz-sabail-11-remis/,Der FCZ und der FK Sabail trennen sich 1:1-Remis,50
2019-01-27T14:30:00Z,Testspiele,17,FC Zürich – FC Flora Tallinn,4:1 (3:1),2018-19,FC Zürich,FC Flora Tallinn,4,1,2019-01-27,https://www.fcz.ch/de/profis/news/2019/der-fcz-gewinnt-den-klassiker-gegen-basel-32/,Der FCZ gewinnt den Klassiker gegen Basel mit 3:2,11101
2019-02-06T20:00:00Z,Meisterschaft,19,FC St.Gallen 1879 – FC Zürich,3:1 (1:0),2018-19,FC St.Gallen 1879,FC Zürich,3,1,2019-02-06,https://www.fcz.ch/de/profis/news/2019/der-fcz-verliert-stgallen-13/,Der FCZ verliert in St.Gallen mit 1:3,9824
2019-02-09T19:00:00Z,Meisterschaft,20,FC Zürich – Grasshopper Club Zürich,3:1 (1:1),2018-19,FC Zürich,Grasshopper Club Zürich,3,1,2019-02-09,https://www.fcz.ch/de/profis/news/2019/der-fcz-gewinnt-gegen-gc-mit-31/,Der FCZ gewinnt gegen GC mit 3:1,11013
2019-02-14T21:00:00Z,International,7,FC Zürich – SSC Neapel,1:3 (0:2),2018-19,FC Zürich,SSC Neapel,1,3,2019-02-14,https://www.fcz.ch/de/profis/news/2019/der-fcz-unterliegt-der-ssc-neapel-13/,Der FCZ unterliegt der SSC Neapel mit 1:3,24000
2019-02-17T16:00:00Z,Meisterschaft,21,BSC Young Boys – FC Zürich,2:0 (0:0),2018-19,BSC Young Boys,FC Zürich,2,0,2019-02-17,https://www.fcz.ch/de/profis/news/2019/der-fcz-verleirt-gegen-bsc-young-boys-mit-02/,Der FCZ verliert gegen den BSC Young Boys mit 0:2,27023
2019-02-21T18:55:00Z,International,8,SSC Neapel – FC Zürich,2:0 (1:0),2018-19,SSC Neapel,FC Zürich,2,0,2019-02-21,https://www.fcz.ch/de/profis/news/2019/der-fcz-verliert-neapel-02/,Der FCZ verliert in Neapel mit 0:2,2
2019-02-24T16:00:00Z,Meisterschaft,22,FC Zürich – FC Luzern,1:1 (1:0),2018-19,FC Zürich,FC Luzern,1,1,2019-02-24,https://www.fcz.ch/de/profis/news/2019/der-fcz-und-luzern-trennen-sich-11-remis/,Der FCZ und Luzern trennen sich 1:1-Unentschieden,9174
2019-02-28T20:15:00Z,Schweizer Cup,4,FC Zürich – SC Kriens,2:1 (1:1),2018-19,FC Zürich,SC Kriens,2,1,2019-02-28,https://www.fcz.ch/de/profis/news/2019/fcz-gewinnt-sc-kriens-cup-viertelfinale-21/,Der FCZ gewinnt gegen den SC Kriens im Cup-Viertelfinale mit 2:1,3650
2019-01-03T16:00:00Z,Meisterschaft,23,FC Zürich – FC Lugano,0:1 (0:1),2018-19,FC Zürich,FC Lugano,0,1,2019-01-03,https://www.fcz.ch/de/profis/news/2019/rc-strasbourg-fc-zurich/,Der FC Zürich verliert gegen den RC Strasbourg Alsace mit 1:2,1000
2019-01-10T16:00:00Z,Meisterschaft,24,FC Thun – FC Zürich,2:2 (2:1),2018-19,FC Thun,FC Zürich,2,2,2019-01-10,https://www.fcz.ch/de/profis/news/2019/thun-und-der-fcz-trennen-sich-22-unentschieden/,Thun und der FCZ trennen sich 2:2-Unentschieden,5116
2019-01-17T16:00:00Z,Meisterschaft,25,FC Zürich – Neuchâtel Xamax FCS,2:1 (0:0),2018-19,FC Zürich,Neuchâtel Xamax FCS,2,1,2019-01-17,https://www.fcz.ch/de/profis/news/2019/der-fcz-gewinnt-gegen-xamax-21/,Der FCZ gewinnt gegen Xamax mit 2:1,8562
2019-01-21T17:00:00Z,Testspiele,18,FC Rapperswil-Jona – FC Zürich,1:3 (0:2),2018-19,FC Rapperswil-Jona,FC Zürich,1,3,2019-01-21,https://www.fcz.ch/de/profis/news/2019/der-fcz-verliert-gegen-lugano-04/,Der FCZ verliert gegen Lugano mit 0:4,9430
2019-01-30T19:00:00Z,Meisterschaft,26,FC Sion – FC Zürich,1:0 (1:0),2018-19,FC Sion,FC Zürich,1,0,2019-01-30,https://www.fcz.ch/de/profis/news/2019/fcz-verliert-cup-achtelfinale-gegen-den-bsc-yb-04/,Der FCZ verliert das Cup-Achtelfinale gegen den BSC Young Boys mit 0:4,13547
2019-04-03T20:00:00Z,Meisterschaft,27,FC Zürich – FC Basel 1893,0:2 (0:0),2018-19,FC Zürich,FC Basel 1893,0,2,2019-04-03,https://www.fcz.ch/de/profis/news/2019/der-fcz-verliert-gegen-basel-mit-02/,Der FCZ verliert gegen Basel mit 0:2,10324
2019-04-06T19:00:00Z,Meisterschaft,28,Grasshopper Club Zürich – FC Zürich,1:1 (0:1),2018-19,Grasshopper Club Zürich,FC Zürich,1,1,2019-04-06,https://www.fcz.ch/de/profis/news/2019/der-fcz-spielt-im-274-zurcher-derby-11/,Der FCZ spielt im 274. Zürcher Derby 1:1-Remis,12700
2019-04-14T16:00:00Z,Meisterschaft,29,FC Zürich – BSC Young Boys,0:1 (0:0),2018-19,FC Zürich,BSC Young Boys,0,1,2019-04-14,https://www.fcz.ch/de/profis/news/2019/der-fcz-unterliegt-dem-bsc-yb-mit-01/,Der FCZ unterliegt dem BSC YB mit 0:1,16372
2019-04-19T20:00:00Z,Meisterschaft,30,FC Lugano – FC Zürich,3:0 (1:0),2018-19,FC Lugano,FC Zürich,3,0,2019-04-19,https://www.fcz.ch/de/profis/news/2019/der-fcz-verliert-gegen-lugano-mit-03/,Der FCZ verliert gegen Lugano mit 0:3,4219
2019-04-25T20:15:00Z,Schweizer Cup,5,FC Zürich – FC Basel 1893,1:3 (0:1),2018-19,FC Zürich,FC Basel 1893,1,3,2019-04-25,https://www.fcz.ch/de/profis/news/2019/der-fcz-unterliegt-fc-basel-cup-halbfinale-13/,Der FCZ unterliegt dem FC Basel im Cup-Halbfinale mit 1:3,13403
2019-04-28T16:00:00Z,Meisterschaft,31,FC Zürich – FC Sion,1:0 (0:0),2018-19,FC Zürich,FC Sion,1,0,2019-04-28,https://www.fcz.ch/de/profis/news/2019/der-fcz-gewinnt-gegen-den-fc-sion-10/,Der FCZ gewinnt gegen den FC Sion mit 1:0,8904
2019-01-04T19:00:00Z,Meisterschaft,32,FC Basel 1893 – FC Zürich,3:0 (0:0),2018-19,FC Basel 1893,FC Zürich,3,0,2019-01-04,https://www.fcz.ch/de/profis/news/2019/der-fcz-verliert-gegen-den-fc-basel-mit-03/,Der FCZ verliert gegen den FC Basel mit 0:3,23099
2019-01-11T19:00:00Z,Meisterschaft,33,Neuchâtel Xamax FCS – FC Zürich,1:2 (0:0),2018-19,Neuchâtel Xamax FCS,FC Zürich,1,2,2019-01-11,,,
2019-01-15T20:00:00Z,Meisterschaft,34,FC Zürich – FC Thun,3:0 (3:0),2018-19,FC Zürich,FC Thun,3,0,2019-01-15,https://www.fcz.ch/de/profis/news/2019/der-fcz-gewinnt-gegen-den-fc-thun-30/,Der FCZ gewinnt gegen den FC Thun mit 3:0,8727
2019-01-22T20:00:00Z,Meisterschaft,35,FC Luzern – FC Zürich,3:0 (2:0),2018-19,FC Luzern,FC Zürich,3,0,2019-01-22,https://www.fcz.ch/de/profis/news/2019/der-fcz-verliert-gegen-den-fc-luzern-mit-03/,Der FCZ verliert gegen den FC Luzern mit 0:3,9616
2019-01-25T19:00:00Z,Meisterschaft,36,FC Zürich – FC St.Gallen 1879,1:1 (0:1),2018-19,FC Zürich,FC St.Gallen 1879,1,1,2019-01-25,https://www.fcz.ch/de/profis/news/2019/fcz-und-fc-st-gallen-trennen-sich-11-unentschieden/,Der FCZ und der FC St.Gallen trennen sich 1:1-Unentschieden,12013
2019-01-21T15:00:00Z,Testspiele,1,FC Zürich – FC Winterthur,2:2 (1:1),2019-20,FC Zürich,FC Winterthur,2,2,2019-01-21,https://www.fcz.ch/de/profis/news/2019/der-fcz-verliert-gegen-lugano-04/,Der FCZ verliert gegen Lugano mit 0:4,9430
2019-01-26T11:00:00Z,Testspiele,2,FC Zürich – FC Wil 1900,4:0 (1:0),2019-20,FC Zürich,FC Wil 1900,4,0,2019-01-26,https://www.fcz.ch/de/profis/news/2019/fcz-wil-4-0/,Der FCZ gewinnt gegen den FC Wil 1900 mit 4:0,150
2019-01-29T16:30:00Z,Testspiele,3,FC Rapperswil-Jona – FC Zürich,1:3 (0:3),2019-20,FC Rapperswil-Jona,FC Zürich,1,3,2019-01-29,https://www.fcz.ch/de/profis/news/2019/fcz-fc-rapperswil-jona-testspiel-31/,Der FCZ bezwingt den FC Rapperswil-Jona im Testspiel mit 3:1,500
2019-01-03T19:00:00Z,Testspiele,4,Racing Club Strasbourg Alsace – FC Zürich,2:1 (1:1),2019-20,Racing Club Strasbourg Alsace,FC Zürich,2,1,2019-01-03,https://www.fcz.ch/de/profis/news/2019/rc-strasbourg-fc-zurich/,Der FC Zürich verliert gegen den RC Strasbourg Alsace mit 1:2,1000
2019-01-06T15:30:00Z,Testspiele,5,FC Zürich – VfB Stuttgart,3:5 (2:2),2019-20,FC Zürich,VfB Stuttgart,3,5,2019-01-06,https://www.fcz.ch/de/profis/news/2019/der-fcz-unterliegt-dem-bsc-yb-04/,Der FCZ unterliegt dem BSC YB mit 0:4,9618
2019-01-12T18:00:00Z,Testspiele,6,RB Leipzig – FC Zürich,1:4 (0:3),2019-20,RB Leipzig,FC Zürich,1,4,2019-01-12,https://www.fcz.ch/de/profis/news/2019/fcz-rb-leipzig-41/,Der FC Zürich bezwingt den RB Leipzig mit 4:1,1547
2019-01-21T16:00:00Z,Meisterschaft,1,FC Zürich – FC Lugano,0:4 (0:3),2019-20,FC Zürich,FC Lugano,0,4,2019-01-21,https://www.fcz.ch/de/profis/news/2019/der-fcz-verliert-gegen-lugano-04/,Der FCZ verliert gegen Lugano mit 0:4,9430
2019-01-28T16:00:00Z,Meisterschaft,2,FC Luzern – FC Zürich,0:0 (0:0),2019-20,FC Luzern,FC Zürich,0,0,2019-01-28,https://www.fcz.ch/de/profis/news/2019/der-fc-luzern-und-der-fcz-trennen-sich-00/,Der FC Luzern und der FCZ trennen sich 0:0-Unentschieden,9917
2019-01-30T11:00:00Z,Testspiele,7,Borussia Dortmund – FC Zürich,6:0 (4:0),2019-20,Borussia Dortmund,FC Zürich,6,0,2019-01-30,https://www.fcz.ch/de/profis/news/2019/fcz-verliert-cup-achtelfinale-gegen-den-bsc-yb-04/,Der FCZ verliert das Cup-Achtelfinale gegen den BSC Young Boys mit 0:4,13547
2019-08-03T19:00:00Z,Meisterschaft,3,FC Sion – FC Zürich,3:1 (1:1),2019-20,FC Sion,FC Zürich,3,1,2019-08-03,https://www.fcz.ch/de/profis/news/2019/der-fcz-verliert-sion-13/,Der FCZ verliert in Sion mit 1:3,9800
2019-08-11T16:00:00Z,Meisterschaft,4,FC Zürich – Neuchâtel Xamax FCS,2:2 (1:0),2019-20,FC Zürich,Neuchâtel Xamax FCS,2,2,2019-08-11,https://www.fcz.ch/de/profis/news/2019/fcz-und-xamax-trennen-sich-22-unentschieden/,Der FCZ und Neuchâtel Xamax trennen sich 2:2-Unentschieden,9619
2019-08-14T19:00:00Z,Meisterschaft,6,FC Zürich – FC St.Gallen 1879,2:1 (1:1),2019-20,FC Zürich,FC St.Gallen 1879,2,1,2019-08-14,https://www.fcz.ch/de/profis/news/2019/der-fcz-gewinnt-gegen-stgallen-21/,Der FCZ gewinnt gegen den FC St.Gallen mit 2:1,9112
2019-08-17T17:00:00Z,Schweizer Cup,1,FC Black Stars – FC Zürich,1:2 (1:1),2019-20,FC Black Stars,FC Zürich,1,2,2019-08-17,https://www.fcz.ch/de/profis/news/2019/der-fcz-schlagt-den-fc-black-stars-21/,Der FCZ schlägt den FC Black Stars mit 2:1,1800
2019-08-24T19:00:00Z,Meisterschaft,5,BSC Young Boys – FC Zürich,4:0 (1:0),2019-20,BSC Young Boys,FC Zürich,4,0,2019-08-24,,,
2019-09-04T12:00:00Z,Testspiele,8,FC Schaffhausen – FC Zürich,1:1 (1:0),2019-20,FC Schaffhausen,FC Zürich,1,1,2019-09-04,https://www.fcz.ch/de/profis/news/2019/fcz-fc-schaffhausen-trennen-sich-im-testspiel-11/,Der FCZ und der FC Schaffhausen trennen sich im Testspiel 1:1-Remis,50
2019-09-07T15:30:00Z,Testspiele,9,FC Wettswil-Bonstetten – FC Zürich,1:1 (0:0),2019-20,FC Wettswil-Bonstetten,FC Zürich,1,1,2019-09-07,https://www.fcz.ch/de/profis/news/2019/stadtclub-wettswil-bonstetten-11-unentschieden/,Der Stadtclub und Wettswil-Bonstetten spielen 1:1-Unentschieden,400
2019-09-14T19:00:00Z,Schweizer Cup,2,FC Wil 1900 – FC Zürich,1:2 (1:1),2019-20,FC Wil 1900,FC Zürich,1,2,2019-09-14,https://www.fcz.ch/de/profis/news/2019/der-fcz-gewinnt-wil-21/,Der FCZ gewinnt gegen den FC Wil 1900 mit 2:1,3084
2019-09-22T16:00:00Z,Meisterschaft,7,FC Zürich – FC Thun,2:0 (1:0),2019-20,FC Zürich,FC Thun,2,0,2019-09-22,https://www.fcz.ch/de/profis/news/2019/der-fcz-besiegt-den-fc-thun-20/,Der FCZ besiegt den FC Thun mit 2:0,8550
2019-09-25T20:00:00Z,Meisterschaft,8,FC Basel 1893 – FC Zürich,4:0 (1:0),2019-20,FC Basel 1893,FC Zürich,4,0,2019-09-25,https://www.fcz.ch/de/profis/news/2019/der-fcz-unterliegt-dem-fc-basel-04/,Der FCZ unterliegt dem FC Basel mit 0:4,22760
2019-09-29T16:00:00Z,Meisterschaft,9,Servette FC – FC Zürich,0:1 (0:1),2019-20,Servette FC,FC Zürich,0,1,2019-09-29,https://www.fcz.ch/de/profis/news/2019/der-fcz-gewinnt-gegen-servette-fc-mit-10/,Der FCZ gewinnt gegen den Servette FC mit 1:0,7036
2019-01-06T16:00:00Z,Meisterschaft,10,FC Zürich – BSC Young Boys,0:4 (0:1),2019-20,FC Zürich,BSC Young Boys,0,4,2019-01-06,https://www.fcz.ch/de/profis/news/2019/der-fcz-unterliegt-dem-bsc-yb-04/,Der FCZ unterliegt dem BSC YB mit 0:4,9618
2019-01-09T14:00:00Z,Testspiele,10,FC Zürich – FK Spartaks Jürmala,3:1 (2:0),2019-20,FC Zürich,FK Spartaks Jürmala,3,1,2019-01-09,https://www.fcz.ch/de/profis/news/2019/der-fcz-gewinnt-gegen-spartaks-jurmala-31/,Der FCZ gewinnt gegen den FK Spartaks Jürmala mit 3:1,50
2019-01-20T16:00:00Z,Meisterschaft,11,FC Lugano – FC Zürich,0:0 (0:0),2019-20,FC Lugano,FC Zürich,0,0,2019-01-20,https://www.fcz.ch/de/profis/news/2019/der-fcz-und-lugano-trennen-00/,Der FCZ und Lugano trennen sich 0:0-Remis,3007
2019-01-27T16:00:00Z,Meisterschaft,12,FC Zürich – FC Basel 1893,3:2 (2:1),2019-20,FC Zürich,FC Basel 1893,3,2,2019-01-27,https://www.fcz.ch/de/profis/news/2019/der-fcz-gewinnt-den-klassiker-gegen-basel-32/,Der FCZ gewinnt den Klassiker gegen Basel mit 3:2,11101
2019-01-30T20:15:00Z,Schweizer Cup,3,BSC Young Boys – FC Zürich,4:0 (2:0),2019-20,BSC Young Boys,FC Zürich,4,0,2019-01-30,https://www.fcz.ch/de/profis/news/2019/fcz-verliert-cup-achtelfinale-gegen-den-bsc-yb-04/,Der FCZ verliert das Cup-Achtelfinale gegen den BSC Young Boys mit 0:4,13547
2019-11-02T19:00:00Z,Meisterschaft,13,FC Thun – FC Zürich,0:1 (0:1),2019-20,FC Thun,FC Zürich,0,1,2019-11-02,https://www.fcz.ch/de/profis/news/2019/der-fcz-gewinnt-gegen-den-fc-thun-mit-10/,Der FCZ gewinnt gegen den FC Thun mit 1:0,6201
2019-11-10T16:00:00Z,Meisterschaft,14,FC Zürich – FC Sion,4:2 (2:2),2019-20,FC Zürich,FC Sion,4,2,2019-11-10,,,
2019-11-14T14:00:00Z,Testspiele,11,FC Zürich – FC Vaduz,3:3 (2:2),2019-20,FC Zürich,FC Vaduz,3,3,2019-11-14,https://www.fcz.ch/de/profis/news/2019/fcz-vaduz-3-3-unentschieden/,Der FCZ und der FC Vaduz trennen sich 3:3-Unentschieden,100
2019-11-23T19:00:00Z,Meisterschaft,15,FC Zürich – FC Luzern,3:0 (1:0),2019-20,FC Zürich,FC Luzern,3,0,2019-11-23,https://www.fcz.ch/de/profis/news/2019/der-fcz-gewinnt-gegen-den-fc-luzern-30/,Der FCZ gewinnt gegen den FC Luzern mit 3:0,8398
2019-11-30T19:00:00Z,Meisterschaft,16,Neuchâtel Xamax FCS – FC Zürich,0:1 (0:0),2019-20,Neuchâtel Xamax FCS,FC Zürich,0,1,2019-11-30,https://www.fcz.ch/de/profis/news/2019/der-fcz-gewinnt-gegen-neuchatel-xamax-mit-10/,Der FCZ gewinnt gegen Neuchâtel Xamax mit 1:0,5415
2019-01-08T16:00:00Z,Meisterschaft,17,FC Zürich – Servette FC,0:5 (0:2),2019-20,FC Zürich,Servette FC,0,5,2019-01-08,https://www.fcz.ch/de/profis/news/2019/der-fcz-unterliegt-servette-05/,Der FCZ unterliegt dem Servette FC mit 0:5,9191
2019-01-14T19:00:00Z,Meisterschaft,18,FC St.Gallen 1879 – FC Zürich,1:3 (1:2),2019-20,FC St.Gallen 1879,FC Zürich,1,3,2019-01-14,https://www.fcz.ch/de/profis/news/2019/der-fcz-gewinnt-gegen-den-fc-stgallen-mit-31/,Der FCZ gewinnt gegen den FC St.Gallen mit 3:1,19024
2020-01-06T13:30:00Z,Testspiele,12,FC Schaffhausen – FC Zürich,1:0 (1:0),2019-20,FC Schaffhausen,FC Zürich,1,0,2020-01-06,https://www.fcz.ch/de/profis/news/2020/fcz-gewinnt-testspiel-vaduz-51/,Der FCZ gewinnt das Testspiel gegen den FC Vaduz mit 5:1,2020
2020-01-14T09:00:00Z,Testspiele,13,Hallescher FC – FC Zürich,3:4 (1:2),2019-20,Hallescher FC,FC Zürich,3,4,2020-01-14,https://www.fcz.ch/de/profis/news/2020/der-fcz-unterliegt-im-klassiker-dem-fc-basel-04/,Der FCZ unterliegt dem FC Basel im Klassiker mit 0:4,1000
2020-01-14T11:15:00Z,Testspiele,14,Hallescher FC – FC Zürich,1:2 (1:1),2019-20,Hallescher FC,FC Zürich,1,2,2020-01-14,https://www.fcz.ch/de/profis/news/2020/der-fcz-unterliegt-im-klassiker-dem-fc-basel-04/,Der FCZ unterliegt dem FC Basel im Klassiker mit 0:4,1000
2020-01-18T14:00:00Z,Testspiele,15,FC Zürich – CASHPOINT SCR Altach,1:0 (0:0),2019-20,FC Zürich,CASHPOINT SCR Altach,1,0,2020-01-18,https://www.fcz.ch/de/profis/news/2020/der-fcz-unterliegt-dem-bsc-young-boys-05/,Der FCZ unterliegt dem BSC Young Boys mit 0:5,300
2020-01-25T19:00:00Z,Meisterschaft,19,FC Zürich – FC Luzern,2:3 (1:3),2019-20,FC Zürich,FC Luzern,2,3,2020-01-25,https://www.fcz.ch/de/profis/news/2020/der-fcz-verliert-gegen-den-fc-stgallen-13/,Der FCZ verliert gegen den FC St.Gallen 1879 mit 1:3,1000
2020-02-02T16:00:00Z,Meisterschaft,20,FC Sion – FC Zürich,1:1 (1:1),2019-20,FC Sion,FC Zürich,1,1,2020-02-02,https://www.fcz.ch/de/profis/news/2020/der-fcz-und-sion-trennen-sich-11-unentschieden/,Der FCZ und Sion trennen sich 1:1-Unentschieden,6800
2020-02-08T19:00:00Z,Meisterschaft,21,FC Zürich – FC Basel 1893,0:4 (0:2),2019-20,FC Zürich,FC Basel 1893,0,4,2020-02-08,https://www.fcz.ch/de/profis/news/2020/der-fcz-unterliegt-dem-fc-basel-04/,Der FCZ unterliegt dem FC Basel mit 0:4,10870
2020-02-16T16:00:00Z,Meisterschaft,22,Servette FC – FC Zürich,4:1 (1:0),2019-20,Servette FC,FC Zürich,4,1,2020-02-16,https://www.fcz.ch/de/profis/news/2020/der-fcz-verliert-gegen-servette-fc-mit-14/,Der FCZ verliert gegen den Servette FC mit 1:4,7052
2020-02-22T19:00:00Z,Meisterschaft,23,FC Zürich – Neuchâtel Xamax FCS,1:1 (1:1),2019-20,FC Zürich,Neuchâtel Xamax FCS,1,1,2020-02-22,https://www.fcz.ch/de/profis/news/2020/der-fcz-und-xamax-trennen-sich-11/,Der FCZ und Xamax trennen sich 1:1-Remis,7722
2020-01-07T11:00:00Z,Testspiele,16,FC Luzern – FC Zürich,0:5 (0:4),2019-20,FC Luzern,FC Zürich,0,5,2020-01-07,https://www.fcz.ch/de/profis/news/2020/fcz-neuchatel-xamax-trennen-sich-11-unentschieden/,Der FCZ und der Neuchâtel Xamax FCS trennen sich 1:1-Unentschieden,1000
2020-01-10T11:00:00Z,Testspiele,17,FC Wil 1900 – FC Zürich,1:4 (1:1),2019-20,FC Wil 1900,FC Zürich,1,4,2020-01-10,https://www.fcz.ch/de/profis/news/2020/stadtclub-gewinnt-testspiel-fc-wil-1900-41/,Der Stadtclub gewinnt das Testspiel gegen den FC Wil 1900 mit 4:1,2020
2020-01-13T17:00:00Z,Testspiele,18,SC Kriens – FC Zürich,2:4 (0:3),2019-20,SC Kriens,FC Zürich,2,4,2020-01-13,https://www.fcz.ch/de/profis/news/2020/sieg-testspiel-gegen-den-sc-kriens/,Der FCZ siegt im Testspiel gegen den SC Kriens mit 4:2,2020
2020-01-06T10:30:00Z,Testspiele,19,FC Vaduz – FC Zürich,1:5 (1:1),2019-20,FC Vaduz,FC Zürich,1,5,2020-01-06,https://www.fcz.ch/de/profis/news/2020/fcz-gewinnt-testspiel-vaduz-51/,Der FCZ gewinnt das Testspiel gegen den FC Vaduz mit 5:1,2020
2020-01-09T14:00:00Z,Testspiele,20,FC Zürich – FC Aarau,5:1 (1:0),2019-20,FC Zürich,FC Aarau,5,1,2020-01-09,https://www.fcz.ch/de/profis/news/2020/fcz-fc-aarau/,Der Stadtclub bezwingt den FC Aarau im Testspiel mit 5:1,2020
2020-01-12T17:00:00Z,Testspiele,21,FC Schaffhausen – FC Zürich,0:6 (0:4),2019-20,FC Schaffhausen,FC Zürich,0,6,2020-01-12,,,
2020-01-19T20:30:00Z,Meisterschaft,24,BSC Young Boys – FC Zürich,3:2 (1:2),2019-20,BSC Young Boys,FC Zürich,3,2,2020-01-19,https://www.fcz.ch/de/profis/news/2020/der-fcz-unterliegt-dem-bsc-yb-23/,Der FCZ unterliegt dem BSC Young Boys mit 2:3,300
2020-01-25T20:30:00Z,Meisterschaft,25,FC St.Gallen 1879 – FC Zürich,0:4 (0:1),2019-20,FC St.Gallen 1879,FC Zürich,0,4,2020-01-25,https://www.fcz.ch/de/profis/news/2020/der-fcz-verliert-gegen-den-fc-stgallen-13/,Der FCZ verliert gegen den FC St.Gallen 1879 mit 1:3,1000
2020-01-28T16:00:00Z,Meisterschaft,26,FC Zürich – FC Lugano,1:0 (0:0),2019-20,FC Zürich,FC Lugano,1,0,2020-01-28,https://www.fcz.ch/de/profis/news/2020/der-fcz-verliert-gegen-den-fc-sion-02/,Der FCZ verliert gegen den FC Sion mit 0:2,1000
2020-01-01T20:30:00Z,Meisterschaft,27,FC Thun – FC Zürich,3:2 (3:2),2019-20,FC Thun,FC Zürich,3,2,2020-01-01,https://www.fcz.ch/de/profis/news/2020/der-fcz-verliert-gegen-thun-mit-23/,Der FCZ verliert gegen Thun mit 2:3,1000
2020-01-04T20:30:00Z,Meisterschaft,28,FC Zürich – Servette FC,2:0 (1:0),2019-20,FC Zürich,Servette FC,2,0,2020-01-04,https://www.fcz.ch/de/profis/news/2020/der-fcz-gewinnt-gegen-den-servette-fc-mit-20/,Der FCZ gewinnt gegen den Servette FC mit 2:0,1000
2020-01-07T20:30:00Z,Meisterschaft,29,Neuchâtel Xamax FCS – FC Zürich,1:1 (1:1),2019-20,Neuchâtel Xamax FCS,FC Zürich,1,1,2020-01-07,https://www.fcz.ch/de/profis/news/2020/fcz-neuchatel-xamax-trennen-sich-11-unentschieden/,Der FCZ und der Neuchâtel Xamax FCS trennen sich 1:1-Unentschieden,1000
2020-01-14T20:30:00Z,Meisterschaft,31,FC Basel 1893 – FC Zürich,4:0 (2:0),2019-20,FC Basel 1893,FC Zürich,4,0,2020-01-14,https://www.fcz.ch/de/profis/news/2020/der-fcz-unterliegt-im-klassiker-dem-fc-basel-04/,Der FCZ unterliegt dem FC Basel im Klassiker mit 0:4,1000
2020-01-18T20:30:00Z,Meisterschaft,32,FC Zürich – BSC Young Boys,0:5 (0:2),2019-20,FC Zürich,BSC Young Boys,0,5,2020-01-18,https://www.fcz.ch/de/profis/news/2020/der-fcz-unterliegt-dem-bsc-young-boys-05/,Der FCZ unterliegt dem BSC Young Boys mit 0:5,300
2020-01-22T20:30:00Z,Meisterschaft,33,FC Lugano – FC Zürich,1:0 (1:0),2019-20,FC Lugano,FC Zürich,1,0,2020-01-22,https://www.fcz.ch/de/profis/news/2020/der-fcz-unterliegt-dem-fc-lugano-01/,Der FCZ unterliegt dem FC Lugano mit 0:1,1000
2020-01-25T20:30:00Z,Meisterschaft,34,FC Zürich – FC St.Gallen 1879,1:3 (1:1),2019-20,FC Zürich,FC St.Gallen 1879,1,3,2020-01-25,https://www.fcz.ch/de/profis/news/2020/der-fcz-verliert-gegen-den-fc-stgallen-13/,Der FCZ verliert gegen den FC St.Gallen 1879 mit 1:3,1000
2020-01-28T20:30:00Z,Meisterschaft,30,FC Zürich – FC Sion,0:2 (0:1),2019-20,FC Zürich,FC Sion,0,2,2020-01-28,https://www.fcz.ch/de/profis/news/2020/der-fcz-verliert-gegen-den-fc-sion-02/,Der FCZ verliert gegen den FC Sion mit 0:2,1000
2020-01-31T20:30:00Z,Meisterschaft,35,FC Luzern – FC Zürich,2:1 (1:1),2019-20,FC Luzern,FC Zürich,2,1,2020-01-31,https://www.fcz.ch/de/profis/news/2020/der-fcz-verliert-gegen-luzern-mit-12/,Der FCZ verliert gegen Luzern mit 1:2,1000
2020-08-03T20:30:00Z,Meisterschaft,36,FC Zürich – FC Thun,3:3 (2:0),2019-20,FC Zürich,FC Thun,3,3,2020-08-03,https://www.fcz.ch/de/profis/news/2020/der-fcz-und-thun-trennen-sich-33/,Der FCZ und Thun trennen sich 3:3-Remis,1000
2020-08-22T11:00:00Z,Testspiele,1,FC Zürich – FC Schaffhausen,2:5 (1:2),2020-21,FC Zürich,FC Schaffhausen,2,5,2020-08-22,https://www.fcz.ch/de/profis/news/2020/fc-zurich-verliert-testspiel-schaffhausen-2-5/,Der FC Zürich verliert das Testspiel gegen Schaffhausen mit 2:5,2
2020-08-25T15:00:00Z,Testspiele,2,FC Luzern – FC Zürich,2:0 (1:0),2020-21,FC Luzern,FC Zürich,2,0,2020-08-25,https://www.fcz.ch/de/profis/news/2020/fcz-unterliegt-fc-luzern-testspiel-02/,Der FCZ unterliegt dem FC Luzern im Testspiel mit 0:2,0
2020-08-28T14:00:00Z,Testspiele,3,FC Zürich – FC Wil 1900,"",2020-21,FC Zürich,FC Wil 1900,,,2020-08-28,,,
2020-09-05T00:00:00Z,Testspiele,4,FC Zürich – FC Winterthur,"",2020-21,FC Zürich,FC Winterthur,,,2020-09-05,,,
